Workbook

Sheet Gantt
A1: Carta Gantt ejecutiva · Aprueba Administración
A3: ID | B3: Actividad | C3: Línea de trabajo | D3: Fase | E3: Sprint | F3: Inicio | G3: Fin | H3: Duración (sem.) | I3: Predecesora | J3: Relación | K3: Responsable | L3: Entregable | N3: Estado | O3: 1 | P3: 2 | Q3: 3 | R3: 4 | S3: 5 | T3: 6 | U3: 7 | V3: 8 | W3: 9 | X3: 10 | Y3: 11 | Z3: 12 | AA3: 13 | AB3: 14 | AC3: 15 | AD3: 16 | AE3: 17 | AF3: 18
A4: P-01 | B4: Definir visión, interesados, alcance y exclusiones | C4: Inicio y alcance | D4: F1 | E4: Sprint 0 | F4: 46244 | G4: 46249 | H4: =MATCH($G4,Calendario!$C$4:$C$21,0)-MATCH($F4,Calendario!$B$4:$B$21,0)+1 -> 1 | J4: — | K4: Catalina / Tsung-Hao | L4: Acta de constitución | N4: Documentado / validar
A5: P-02 | B5: Diagnosticar código, API, Firestore y documentación | C5: Inicio y alcance | D5: F1 | E5: Sprint 0 | F5: 46244 | G5: 46256 | H5: =MATCH($G5,Calendario!$C$4:$C$21,0)-MATCH($F5,Calendario!$B$4:$B$21,0)+1 -> 2 | I5: P-01 | J5: SS | K5: Felipe / Equipo | L5: Inventario técnico | N5: Documentado / validar
A6: P-03 | B6: Priorizar requisitos, historias y criterios de aceptación | C6: Producto | D6: F1 | E6: Sprint 0 | F6: 46244 | G6: 46263 | H6: =MATCH($G6,Calendario!$C$4:$C$21,0)-MATCH($F6,Calendario!$B$4:$B$21,0)+1 -> 3 | I6: P-01 | J6: SS | K6: Catalina / Felipe | L6: Product Backlog | N6: Documentado / validar
A7: P-04 | B7: Definir calidad, pruebas y Definition of Done | C7: Calidad | D7: F1 | E7: Sprint 0 | F7: 46244 | G7: 46256 | H7: =MATCH($G7,Calendario!$C$4:$C$21,0)-MATCH($F7,Calendario!$B$4:$B$21,0)+1 -> 2 | I7: P-01,P-03 | J7: SS | K7: Felipe / Equipo | L7: Plan QA y DoD | N7: Documentado / validar
A8: P-05 | B8: Diseñar arquitectura, datos, API y seguridad | C8: Arquitectura y datos | D8: F1 | E8: Sprint 0 | F8: 46251 | G8: 46270 | H8: =MATCH($G8,Calendario!$C$4:$C$21,0)-MATCH($F8,Calendario!$B$4:$B$21,0)+1 -> 3 | I8: P-02,P-03 | J8: SS | K8: Felipe / Tsung-Hao | L8: Arquitectura y modelo de datos | N8: Documentado / validar
A9: P-06 | B9: Diseñar UX, accesibilidad e internacionalización | C9: UX y frontend | D9: F1 | E9: Sprint 0 | F9: 46251 | G9: 46270 | H9: =MATCH($G9,Calendario!$C$4:$C$21,0)-MATCH($F9,Calendario!$B$4:$B$21,0)+1 -> 3 | I9: P-03 | J9: SS | K9: Catalina | L9: Prototipo y checklist UX | N9: Base existente / validar
A10: P-07 | B10: Configurar repositorio, CI y entornos | C10: DevOps | D10: F1 | E10: Sprint 0 | F10: 46251 | G10: 46270 | H10: =MATCH($G10,Calendario!$C$4:$C$21,0)-MATCH($F10,Calendario!$B$4:$B$21,0)+1 -> 3 | I10: P-02,P-04 | J10: SS | K10: Tsung-Hao / Felipe | L10: Pipeline base | N10: Planificado
A11: H-01 | B11: Aprobar línea base del proyecto | C11: Gobernanza | D11: F1 | E11: Sprint 0 | F11: 46270 | G11: 46270 | H11: =0 -> 0 | I11: P-03,P-04,P-05,P-06,P-07 | J11: FF | K11: Catalina / Equipo | L11: Línea base aprobada | N11: Pendiente
A12: D-01 | B12: Completar shell React, navegación, tema e i18n | C12: UX y frontend | D12: F2 | E12: Sprint 1 | F12: 46272 | G12: 46291 | H12: =MATCH($G12,Calendario!$C$4:$C$21,0)-MATCH($F12,Calendario!$B$4:$B$21,0)+1 -> 3 | I12: H-01 | J12: FS | K12: Catalina | L12: Build frontend | N12: Base existente / validar
A13: D-02 | B13: Completar JWT, MFA, RBAC y manejo de errores | C13: Backend y seguridad | D13: F2 | E13: Sprint 1-2 | F13: 46272 | G13: 46298 | H13: =MATCH($G13,Calendario!$C$4:$C$21,0)-MATCH($F13,Calendario!$B$4:$B$21,0)+1 -> 4 | I13: H-01 | J13: FS | K13: Tsung-Hao | L13: Módulo de autenticación | N13: Base existente / validar
A14: D-03 | B14: Completar Firestore, reglas, seeds y auditoría | C14: Arquitectura y datos | D14: F2 | E14: Sprint 1-2 | F14: 46272 | G14: 46298 | H14: =MATCH($G14,Calendario!$C$4:$C$21,0)-MATCH($F14,Calendario!$B$4:$B$21,0)+1 -> 4 | I14: H-01 | J14: FS | K14: Felipe / Tsung-Hao | L14: Persistencia y auditLog | N14: Base existente / validar
A15: H-02 | B15: Validar MVP interno | C15: Producto | D15: F2 | E15: Sprint 2 | F15: 46298 | G15: 46298 | H15: =0 -> 0 | I15: D-01,D-02,D-03 | J15: FF | K15: Equipo / Catalina | L15: MVP aprobado | N15: Pendiente
A16: D-04 | B16: Implementar módulos Resumen y Comercial | C16: Módulos funcionales | D16: F2 | E16: Sprint 2 | F16: 46286 | G16: 46305 | H16: =MATCH($G16,Calendario!$C$4:$C$21,0)-MATCH($F16,Calendario!$B$4:$B$21,0)+1 -> 3 | I16: D-01 | J16: SS + 2 sem. | K16: Catalina / Tsung-Hao | L16: Incremento Resumen-Comercial | N16: Base existente / validar
A17: D-05 | B17: Implementar Sponsors, Planes y Productos | C17: Módulos funcionales | D17: F2 | E17: Sprint 2-3 | F17: 46293 | G17: 46312 | H17: =MATCH($G17,Calendario!$C$4:$C$21,0)-MATCH($F17,Calendario!$B$4:$B$21,0)+1 -> 3 | I17: D-04 | J17: SS + 1 sem. | K17: Catalina / Tsung-Hao | L17: Incremento comercial | N17: Base existente / validar
A18: D-06 | B18: Implementar Operativa y monitoreo de servicios | C18: Módulos funcionales | D18: F2 | E18: Sprint 3-4 | F18: 46300 | G18: 46319 | H18: =MATCH($G18,Calendario!$C$4:$C$21,0)-MATCH($F18,Calendario!$B$4:$B$21,0)+1 -> 3 | I18: D-02,D-03 | J18: FS | K18: Tsung-Hao / Felipe | L18: Incremento Operativa | N18: Base existente / validar
A19: D-07 | B19: Implementar Usuarios, Tickets y Recorrecciones | C19: Módulos funcionales | D19: F2 | E19: Sprint 3-4 | F19: 46307 | G19: 46326 | H19: =MATCH($G19,Calendario!$C$4:$C$21,0)-MATCH($F19,Calendario!$B$4:$B$21,0)+1 -> 3 | I19: D-06 | J19: SS + 1 sem. | K19: Catalina / Tsung-Hao | L19: Incremento Soporte | N19: Base existente / validar
A20: H-03 | B20: Validar beta funcional | C20: Producto | D20: F2 | E20: Sprint 4 | F20: 46326 | G20: 46326 | H20: =0 -> 0 | I20: D-04,D-05,D-06,D-07 | J20: FF | K20: Equipo / Catalina | L20: Beta aprobada | N20: Pendiente
A21: D-08 | B21: Implementar Tutores y Reseñas | C21: Módulos funcionales | D21: F2 | E21: Sprint 4-5 | F21: 46314 | G21: 46333 | H21: =MATCH($G21,Calendario!$C$4:$C$21,0)-MATCH($F21,Calendario!$B$4:$B$21,0)+1 -> 3 | I21: D-07 | J21: SS + 1 sem. | K21: Catalina / Tsung-Hao | L21: Incremento Tutores | N21: Base existente / validar
A22: D-09 | B22: Implementar Contenido e importación de preguntas | C22: Módulos funcionales | D22: F2 | E22: Sprint 4-5 | F22: 46314 | G22: 46333 | H22: =MATCH($G22,Calendario!$C$4:$C$21,0)-MATCH($F22,Calendario!$B$4:$B$21,0)+1 -> 3 | I22: D-07 | J22: SS + 1 sem. | K22: Catalina / Tsung-Hao | L22: Incremento Contenido | N22: Base existente / validar
A23: D-10 | B23: Integrar los ocho módulos administrativos | C23: Integración | D23: F2 | E23: Sprint 3-5 | F23: 46307 | G23: 46340 | H23: =MATCH($G23,Calendario!$C$4:$C$21,0)-MATCH($F23,Calendario!$B$4:$B$21,0)+1 -> 5 | I23: D-04 | J23: FS | K23: Equipo | L23: Build integrado | N23: Planificado
A24: D-11 | B24: Corregir defectos y estabilizar versión | C24: Estabilización | D24: F2 | E24: Sprint 5-Release | F24: 46328 | G24: 46347 | H24: =MATCH($G24,Calendario!$C$4:$C$21,0)-MATCH($F24,Calendario!$B$4:$B$21,0)+1 -> 3 | I24: D-10 | J24: SS + 3 sem. | K24: Equipo | L24: Build candidato | N24: Planificado
A25: R-01 | B25: Ejecutar pruebas de aceptación | C25: Aceptación | D25: F2 | E25: Release | F25: 46335 | G25: 46347 | H25: =MATCH($G25,Calendario!$C$4:$C$21,0)-MATCH($F25,Calendario!$B$4:$B$21,0)+1 -> 2 | I25: H-03 | J25: FS | K25: Catalina / Felipe | L25: Acta UAT | N25: Planificado
A26: R-02 | B26: Completar manuales y runbooks | C26: Documentación | D26: F2-F3 | E26: Release | F26: 46328 | G26: 46354 | H26: =MATCH($G26,Calendario!$C$4:$C$21,0)-MATCH($F26,Calendario!$B$4:$B$21,0)+1 -> 4 | I26: D-10 | J26: SS + 3 sem. | K26: Catalina / Equipo | L26: Manuales del proyecto | N26: Planificado
A27: H-04 | B27: Aprobar Release Candidate | C27: Release | D27: F2 | E27: Release | F27: 46347 | G27: 46347 | H27: =0 -> 0 | I27: D-11,R-01,Q-05 | J27: FF | K27: Felipe / Catalina | L27: Release Candidate | N27: Pendiente
A28: R-03 | B28: Desplegar y verificar rollback | C28: Despliegue | D28: F3 | E28: Release | F28: 46349 | G28: 46354 | H28: =MATCH($G28,Calendario!$C$4:$C$21,0)-MATCH($F28,Calendario!$B$4:$B$21,0)+1 -> 1 | I28: H-04 | J28: FS | K28: Tsung-Hao / Felipe | L28: Registro de despliegue | N28: Planificado
A29: H-05 | B29: Liberar versión productiva | C29: Release | D29: F3 | E29: Release | F29: 46354 | G29: 46354 | H29: =0 -> 0 | I29: R-03 | J29: FF | K29: Catalina / Equipo | L29: Versión productiva | N29: Pendiente
A30: R-04 | B30: Monitorear y estabilizar posdespliegue | C30: Operación | D30: F3 | E30: Transición | F30: 46349 | G30: 46368 | H30: =MATCH($G30,Calendario!$C$4:$C$21,0)-MATCH($F30,Calendario!$B$4:$B$21,0)+1 -> 3 | I30: R-03 | J30: SS | K30: Felipe / Equipo | L30: Informe de estabilización | N30: Planificado
A31: R-05 | B31: Transferir, capacitar y cerrar proyecto | C31: Cierre | D31: F3 | E31: Transición | F31: 46356 | G31: 46368 | H31: =MATCH($G31,Calendario!$C$4:$C$21,0)-MATCH($F31,Calendario!$B$4:$B$21,0)+1 -> 2 | I31: H-05,R-02 | J31: FS | K31: Equipo / Catalina | L31: Acta de aceptación | N31: Planificado
A32: H-06 | B32: Aceptar y cerrar proyecto | C32: Cierre | D32: F3 | E32: Transición | F32: 46368 | G32: 46368 | H32: =0 -> 0 | I32: R-04,R-05 | J32: FF | K32: Sponsor / Catalina | L32: Acta final | N32: Pendiente
A33: M-01 | B33: Monitorear alcance, plazo, esfuerzo, riesgos y calidad | C33: Gestión y control | D33: Transversal | E33: Continuo | F33: 46244 | G33: 46368 | H33: =MATCH($G33,Calendario!$C$4:$C$21,0)-MATCH($F33,Calendario!$B$4:$B$21,0)+1 -> 18 | J33: — | K33: Tsung-Hao | L33: Tablero e informe semanal | N33: Planificado
A34: M-02 | B34: Ejecutar ceremonias Scrum y métricas de sprint | C34: Gestión y control | D34: Transversal | E34: S0-S5 | F34: 46244 | G34: 46368 | H34: =MATCH($G34,Calendario!$C$4:$C$21,0)-MATCH($F34,Calendario!$B$4:$B$21,0)+1 -> 18 | I34: M-01 | J34: SS | K34: Tsung-Hao / Equipo | L34: Sprint backlog y actas | N34: Planificado
A35: M-03 | B35: Gestionar riesgos, cambios, configuración y versiones | C35: Gestión y control | D35: Transversal | E35: Continuo | F35: 46244 | G35: 46368 | H35: =MATCH($G35,Calendario!$C$4:$C$21,0)-MATCH($F35,Calendario!$B$4:$B$21,0)+1 -> 18 | I35: M-01 | J35: SS | K35: Tsung-Hao / Felipe | L35: RAID y registro de cambios | N35: Planificado
A36: Q-01 | B36: Ejecutar revisión, lint y pruebas unitarias | C36: Calidad | D36: F2 | E36: Sprint 1-5 | F36: 46272 | G36: 46347 | H36: =MATCH($G36,Calendario!$C$4:$C$21,0)-MATCH($F36,Calendario!$B$4:$B$21,0)+1 -> 11 | I36: P-04,P-07 | J36: FS | K36: Felipe / Equipo | L36: Resultados CI | N36: Planificado
A37: Q-02 | B37: Verificar seguridad y privacidad por sprint | C37: Seguridad y privacidad | D37: F2 | E37: Sprint 1-5 | F37: 46272 | G37: 46347 | H37: =MATCH($G37,Calendario!$C$4:$C$21,0)-MATCH($F37,Calendario!$B$4:$B$21,0)+1 -> 11 | I37: P-04,P-05 | J37: FS | K37: Tsung-Hao / Felipe | L37: Reporte de seguridad | N37: Planificado
A38: Q-03 | B38: Ejecutar pruebas de integración API-Firestore | C38: Calidad | D38: F2 | E38: Sprint 2-5 | F38: 46286 | G38: 46347 | H38: =MATCH($G38,Calendario!$C$4:$C$21,0)-MATCH($F38,Calendario!$B$4:$B$21,0)+1 -> 9 | I38: D-02,D-03 | J38: SS + 2 sem. | K38: Felipe / Tsung-Hao | L38: Reporte de integración | N38: Planificado
A39: Q-04 | B39: Ejecutar regresión, E2E y accesibilidad | C39: Calidad | D39: F2 | E39: Sprint 2-5 | F39: 46293 | G39: 46347 | H39: =MATCH($G39,Calendario!$C$4:$C$21,0)-MATCH($F39,Calendario!$B$4:$B$21,0)+1 -> 8 | I39: D-01,Q-01 | J39: Mixta: FS/SS | K39: Felipe / Catalina | L39: Reporte de regresión | N39: Planificado
A40: Q-05 | B40: Validar rendimiento, observabilidad y recuperación | C40: Operación y rendimiento | D40: F2 | E40: Sprint 4-Release | F40: 46314 | G40: 46347 | H40: =MATCH($G40,Calendario!$C$4:$C$21,0)-MATCH($F40,Calendario!$B$4:$B$21,0)+1 -> 5 | I40: D-06 | J40: SS + 2 sem. | K40: Felipe / Tsung-Hao | L40: Reporte técnico y runbook | N40: Planificado

Sheet Plan_Trabajo
A1: Plan de trabajo del proyecto
A2: Líneas paralelas de ejecución y gobierno para Aprueba Administración
A3: Línea | B3: Objetivo | C3: Ventana | D3: Cadencia | E3: Líder | F3: Apoyo | G3: Entregables | H3: Indicador de control
A4: Dirección y control | B4: Gobernar alcance, plazo, esfuerzo, riesgos y decisiones | C4: S1-S18 | D4: Semanal y por evento | E4: Tsung-Hao · PM/SM | F4: Equipo, PO | G4: Tablero, RAID, decisiones, cambios | H4: Desviación de sprint, impedimentos y riesgos abiertos
A5: Producto y análisis | B5: Priorizar valor, requisitos, aceptación y alcance | C5: S1-S18 | D5: Refinamiento semanal | E5: Catalina · PO/BA | F5: Equipo, interesados | G5: Product Backlog y aceptación | H5: Historias preparadas y valor aceptado
A6: Arquitectura y datos | B6: Mantener arquitectura, Firestore, contratos y decisiones | C6: S1-S16 | D6: Revisión por sprint | E6: Felipe · Arquitecto/DBA | F6: Backend, seguridad | G6: ADR, modelo de datos, reglas | H6: Decisiones coherentes y deuda arquitectónica controlada
A7: UX y frontend | B7: Construir experiencia web, accesibilidad e i18n | C7: S2-S15 | D7: Trabajo por sprint | E7: Catalina · UX/Frontend | F7: PO, QA | G7: SPA React y reportes a11y | H7: Criterios de aceptación y regresión visual
A8: Backend y seguridad | B8: Completar API, auth, RBAC, MFA y validación | C8: S2-S16 | D8: Trabajo por sprint | E8: Tsung-Hao · Backend/Seguridad | F8: DBA, QA | G8: API, logs y pruebas negativas | H8: Autorización, validación y auditoría aprobadas
A9: Calidad | B9: Prevenir defectos y verificar funcionalidad y RNF | C9: S1-S18 | D9: Cada historia, PR y sprint | E9: Felipe · QA Lead | F9: Todo el equipo | G9: CI, pruebas, defectos y gates | H9: DoD por historia; cero críticos en release
A10: DevOps y configuración | B10: Automatizar build, ambientes, versiones y despliegue | C10: S2-S18 | D10: Continuo y por release | E10: Tsung-Hao / Felipe | F10: Seguridad, QA | G10: Pipeline, tags, deployment y rollback | H10: Build reproducible y despliegue reversible
A11: Documentación y transferencia | B11: Mantener evidencia, manuales, runbooks y capacitación | C11: S1-S18 | D11: Actualización por sprint | E11: Catalina · Redacción | F11: Todo el equipo | G11: Manuales y actas | H11: Documentación sincronizada con la versión

Sheet RACI
A1: Matriz RACI profesional
A2: R = ejecuta · A = aprueba/responde · C = consultado · I = informado
A3: Actividad | B3: Sponsor | C3: PO | D3: PM | E3: SM | F3: BA | G3: Arquitecto | H3: UX/UI | I3: Frontend | J3: Backend/API | K3: DBA | L3: Seguridad | M3: DevOps/SRE | N3: QA | O3: Config | P3: Documentación | Q3: Operaciones | R3: Docente | S3: Tsung-Hao | T3: Catalina | U3: Felipe
A4: Visión, alcance y éxito | B4: C | C4: A | D4: R | F4: R | R4: C | S4: R | T4: A/R | U4: C
A5: Backlog y aceptación | C5: A/R | D5: C | E5: C | F5: R | N5: C | R5: C | S5: C | T5: A/R | U5: C
A6: Monitoreo y control | B6: I | C6: C | D6: A/R | E6: R | N6: C | O6: C | R6: I | S6: A/R | T6: C | U6: C
A7: Riesgos, cambios y configuración | C7: A | D7: R | E7: C | G7: C | L7: C | N7: C | O7: R | S7: A/R | T7: C | U7: R
A8: Arquitectura y datos | C8: C | D8: C | F8: C | G8: A/R | J8: C | K8: R | L8: C | N8: C | S8: C | T8: I | U8: A/R
A9: UX, frontend e i18n | C9: A | F9: C | H9: R | I9: R | L9: C | N9: C | S9: C | T9: A/R | U9: C
A10: Backend, API y seguridad | C10: C | D10: C | G10: C | J10: R | K10: C | L10: A/R | M10: C | N10: C | S10: A/R | T10: I | U10: C
A11: Incrementos funcionales | C11: A | D11: C | F11: C | H11: R | I11: R | J11: R | K11: R | N11: C | S11: R | T11: R | U11: R
A12: Calidad y pruebas continuas | C12: C | D12: C | E12: C | G12: C | I12: R | J12: R | L12: R | M12: C | N12: A/R | O12: C | S12: R | T12: R | U12: A/R
A13: Release, despliegue y operación | B13: I | C13: A | D13: C | G13: C | L13: C | M13: R | N13: R | O13: R | P13: C | Q13: R | S13: R | T13: C | U13: A/R
A14: Documentación, transferencia y cierre | B14: A | C14: R | D14: R | F14: C | G14: C | N14: C | P14: A/R | Q14: C | R14: I | S14: R | T14: A/R | U14: R

Sheet Roles
A1: Catálogo de roles del proyecto
A3: Rol lógico | B3: Asignación | C3: Responsabilidad
A4: Sponsor / cliente | B4: Externo por confirmar | C4: Define necesidad, financia o respalda y acepta el resultado final
A5: Product Owner | B5: Catalina | C5: Prioriza valor, Product Backlog y aceptación funcional
A6: Project Manager / control | B6: Tsung-Hao | C6: Controla alcance, plazo, esfuerzo, riesgos, cambios y coordinación
A7: Scrum Master | B7: Tsung-Hao | C7: Facilita eventos Scrum y elimina impedimentos
A8: Analista de negocio | B8: Catalina | C8: Levanta requisitos, reglas y trazabilidad
A9: Arquitecto de solución | B9: Felipe | C9: Diseña arquitectura, integra decisiones y controla deuda técnica
A10: UX/UI y accesibilidad | B10: Catalina | C10: Diseña experiencia, interacción, accesibilidad e i18n
A11: Desarrollo frontend | B11: Catalina | C11: Implementa SPA React, navegación, estados y consumo API
A12: Desarrollo backend/API | B12: Tsung-Hao | C12: Implementa Express, contratos, auth y reglas de negocio
A13: Arquitectura de datos / DBA | B13: Felipe | C13: Diseña Firestore, integridad, reglas, seeds y respaldo
A14: Seguridad y privacidad | B14: Tsung-Hao | C14: Amenazas, MFA, RBAC, validación, secretos y auditoría
... A20: Docente evaluador | B20: Externo | C20: Actor académico consultado o informado; no administra el producto

Sheet Calendario
A1: Calendario externo de referencia · Capstone
A2: No define las tareas del proyecto; solo fija ventanas y fechas máximas de evaluación académica.
A3: Semana | B3: Inicio | C3: Término | D3: Hito institucional
A4: 1 | B4: 46244 | C4: 46249 | D4: Definición y autoevaluación
A5: 2 | B5: 46251 | C5: 46256 | D5: Cronograma y tecnologías
A6: 3 | B6: 46258 | C6: 46263 | D6: Desarrollo de definición
A7: 4 | B7: 46265 | C7: 46270 | D7: Presentación Fase 1
A8: 5 | B8: 46272 | C8: 46277 | D8: Inicio Fase 2
A9: 6 | B9: 46279 | C9: 46284 | D9: Actualización según retroalimentación
A10: 7 | B10: 46286 | C10: 46291 | D10: Avance
A11: 8 | B11: 46293 | C11: 46298 | D11: Avance/autoevaluación
A12: 9 | B12: 46300 | C12: 46305 | D12: Formativa avance
A13: 10 | B13: 46307 | C13: 46312 | D13: Evaluación avance
A14: 11 | B14: 46314 | C14: 46319 | D14: Retroalimentación
A15: 12 | B15: 46321 | C15: 46326 | D15: Avance
... A21: 18 | B21: 46363 | C21: 46368 | D21: Presentación final/contingencia

Sheet Control_Scrum_QA
A1: Gestión, monitoreo y calidad en Scrum
A2: Cadencias obligatorias: el control y la calidad no desaparecen; se integran al trabajo de cada sprint.
A3: Proceso | B3: Cadencia | C3: Qué controla | D3: Semanas | E3: Indicador | F3: Evidencia | G3: Responsable
A4: Daily Scrum | B4: Día hábil · 15 min | C4: Inspección del avance e impedimentos | D4: S1-S18 | E4: Bloqueos, trabajo en curso | F4: Tablero actualizado | G4: Scrum Master / Equipo
A5: Sprint Planning | B5: Inicio de cada sprint de 2 semanas | C5: Objetivo, capacidad y Sprint Backlog | D5: S5,S7,S9,S11,S13 | E5: Carga vs. capacidad | F5: Sprint Backlog y objetivo | G5: PO / SM / Equipo
A6: Refinamiento | B6: Semanal | C6: Preparar historias, criterios, riesgos y estimaciones | D6: S1-S15 | E6: Historias Ready | F6: Backlog refinado | G6: PO / BA / Equipo
A7: Sprint Review | B7: Fin de cada sprint | C7: Demostrar incremento y obtener aceptación | D7: S6,S8,S10,S12,S14 | E7: Historias aceptadas | F7: Demo y acta de aceptación | G7: PO / Equipo
A8: Retrospectiva | B8: Fin de cada sprint | C8: Mejorar proceso, coordinación y calidad | D8: S6,S8,S10,S12,S14 | E8: Acciones cerradas | F8: Acta y acciones de mejora | G8: Scrum Master / Equipo
A9: Monitoreo del proyecto | B9: Semanal | C9: Revisar alcance, plazo, esfuerzo, riesgos, calidad y decisiones | D9: S1-S18 | E9: Avance, desviación, riesgos, defectos | F9: Informe semanal y tablero | G9: Project Manager
A10: Riesgos y cambios | B10: Semanal y por evento | C10: Registrar, analizar, aprobar, implementar y verificar | D10: S1-S18 | E10: Exposición y cambios abiertos | F10: RAID y registro de cambios | G10: PM / Configuración / PO
A11: Definition of Done | B11: Cada historia y pull request | C11: Aplicar aceptación, revisión, pruebas, seguridad y documentación | D11: S1-S18 | E11: % historias que cumplen DoD | F11: Checklist de historia/PR | G11: QA Lead / Equipo
A12: Pruebas automatizadas | B12: Cada commit y pull request | C12: Unitarias, integración, lint, SCA y secretos | D12: S4-S16 | E12: Tasa de éxito y cobertura útil | F12: Pipeline CI | G12: QA / Desarrollo / Seguridad
A13: Regresión y accesibilidad | B13: Cada sprint | C13: E2E, permisos, teclado, foco, contraste e i18n | D13: S8-S15 | E13: Flujos críticos aprobados | F13: Reporte de regresión | G13: QA / UX
A14: Seguridad y privacidad | B14: Continuo + gate de release | C14: Amenazas, RBAC, MFA, validación, logs y secretos | D14: S2-S16 | E14: Hallazgos por severidad | F14: Checklist ASVS y escaneos | G14: Seguridad / QA
... A16: Monitoreo posdespliegue | B16: Diario durante transición | C16: Salud, errores, rendimiento, incidentes y recuperación | D16: S16-S18 | E16: Disponibilidad, errores y P95 | F16: Dashboard y bitácora | G16: Operaciones / DevOps
